Country Name,ISO_A3,1990,2000,2014,2015,2016,2017,2018,2019,2020,2021,2022,2023
Afghanistan,AFG,23,45,19.1,17.7,20.2,19.5,18.3,18.9,18.2,20,20,..
Albania,ALB,25.5,41.4,38.6,38.5,39.4,36.9,37.8,40.1,44.4,41.9,..,..
Algeria,DZA,0.2,0.4,0.1,0.1,0.1,0.1,0.2,0.2,0.1,0.1,..,..
American Samoa,ASM,0,0,0.2,0.2,0.2,0.3,0.3,0.4,0.4,0.4,0.4,..
Andorra,AND,14.1,14.5,19.4,19,18.9,18,17.6,17.2,20.9,18.4,18.7,..
Angola,AGO,72.3,73.8,47.5,47.1,48.1,52.5,52.5,51,60.1,52.9,..,..
Antigua and Barbuda,ATG,0,0,0.1,0.4,0.4,0.4,0.7,0.7,0.9,0.9,0.9,..
Argentina,ARG,8.6,9.8,9.8,9.4,9.4,10.4,10.5,10.7,9.8,9.2,..,..
Armenia,ARM,2.1,7.2,7.1,10.7,13.2,12.6,11.1,10.3,8.4,9.1,..,..
Aruba,ABW,0.3,0.2,6.9,6.7,7,6.8,8.6,8.3,9.1,8.8,8.8,..
Australia,AUS,8,8.4,9.3,9.4,9.6,9.9,9.8,10.3,11.2,12.3,..,..
Austria,AUT,25.2,26.4,35.7,34.8,34.6,34,34.1,34,35.8,36,..,..
Azerbaijan,AZE,0.7,2.1,2.1,2.3,1.9,1.9,1.9,1.7,1.3,1.3,..,..
"Bahamas, The",BHS,0,0,1.4,1.4,1.2,1.1,1.1,1.1,1.4,1.1,1.1,..
Bahrain,BHR,0,0,0,0,0,0,0,0,0,0,..,..
Bangladesh,BGD,71.7,60.2,35.4,33.1,30.2,28.1,27,26.1,27.2,25,..,..
Barbados,BRB,17.5,11.9,3,3,2.8,4.3,4.9,3.4,4.7,5.5,5.5,..
Belarus,BLR,0.9,5.7,6.7,6.8,6.7,7.3,7.2,7.8,8.4,8.2,..,..
Belgium,BEL,1.3,1.4,9.1,9.4,9.2,9.7,10.7,10.2,12.3,11.7,..,..
Belize,BLZ,38,34.5,37.4,30.3,33.3,37.2,35.5,30.4,31.4,26.6,30.8,..
Benin,BEN,93.7,70.3,51,49.9,45.4,45.4,44,46.5,46.2,54.5,..,..
Bermuda,BMU,0,0.5,0.4,0.6,1.1,0.6,0.7,0.8,0.9,0.9,0.9,..
Bhutan,BTN,95.9,91.4,82.1,81.6,80.8,79.7,80,81,83.9,81.8,82.5,..
Bolivia,BOL,37,29.2,15,14.2,13.6,14.3,14.3,13.5,16.9,12.8,..,..
Bosnia and Herzegovina,BIH,7.3,19.4,23.6,25.2,23,18.5,35.4,36.8,37.7,36.6,..,..
Botswana,BWA,49,38.5,25.8,26.1,26.7,26.7,25.6,26.2,27.7,27.4,..,..
Brazil,BRA,49.8,42.7,41.7,43.7,45.4,45.3,46.9,47.5,50,46.5,..,..
British Virgin Islands,VGB,1.3,0.9,1,1,1,1.1,1.2,1.2,1.3,1.3,1.3,..
Brunei Darussalam,BRN,0.7,0,0,0,0,0,0,0,0,0,..,..
Bulgaria,BGR,1.8,8,17.1,17.9,17.7,17.1,19.6,19.3,21.1,20.4,..,..
Burkina Faso,BFA,86.3,83.9,78.9,78.8,77.1,74.6,73.7,72.7,73.1,71.2,71.4,..
Burundi,BDI,94.6,93.2,91.3,91.2,89.6,88.2,85.7,84.8,83.4,83.1,83,..
Cabo Verde,CPV,21.1,27.9,26.1,26.4,23.9,21.8,21.9,19.7,23.4,22.6,21.8,..
Cambodia,KHM,..,81.6,63.7,60.6,58,56.3,58.1,53,51.4,52.4,..,..
Cameroon,CMR,81.6,84.6,76.9,78.1,78.8,79.2,78.7,78.9,78.9,79.2,..,..
Canada,CAN,22.6,20.3,22.2,22.3,22.1,22.8,22.3,22.4,23.9,23.8,..,..
Cayman Islands,CYM,0,0,0,0,0,0,0,0,0,0,0,..
Central African Republic,CAF,93.9,88.9,94.8,92.9,92.1,91.6,91.4,91.3,90.9,90.9,90.9,..
Chad,TCD,89.5,88.7,72.5,72.7,72.7,72.8,73.1,72.8,71.9,69.9,70,..
Channel Islands,CHI,..,..,..,..,..,..,..,..,..,..,..,..
Chile,CHL,34,31.4,27,25.1,24.6,24.1,25.5,25.3,26.7,24.2,..,..
China,CHN,33.9,29.6,11.9,12.2,12.6,13.1,13.5,14.3,14.9,15.2,..,..
Colombia,COL,38.1,27.9,32.1,31.1,30.5,32.2,30.4,31.5,32,29.7,..,..
Comoros,COM,74,69.9,68,67,64,59.5,57.7,55.3,50.8,41.2,39.3,..
"Congo, Dem. Rep.",COD,92,97.9,92.9,95.8,97,96.7,96.4,96.3,96.2,96.3,..,..
"Congo, Rep.",COG,65.4,64.9,62.1,64.2,67.7,69.8,70.6,69.8,71.4,71.4,..,..
Costa Rica,CRI,45.4,33,37.6,38.3,34.1,33.3,33.1,33.4,36.4,34.2,..,..
Cote d'Ivoire,CIV,73.6,63.7,71.9,64.5,64,62.5,60.5,61.1,61.8,58.2,..,..
Croatia,HRV,21.6,26.8,33.6,33.1,31.8,29.8,32.8,31.6,32.4,34.1,..,..
Cuba,CUB,42.9,34.4,23.2,21.1,19.2,22,24,23.1,24.5,20.9,..,..
Curacao,CUW,0,0.1,1.4,1.3,1.4,1.9,2.5,2.5,2.8,2.8,..,..
Cyprus,CYP,0.5,3.1,9.5,10.4,10.3,10.9,12,12,15,15.6,..,..
Czechia,CZE,3.6,5.9,14.8,14.8,14.8,14.5,14.7,15.9,17,17.2,..,..
Denmark,DNK,7,10.7,30.2,32.5,32,35,34.6,37.2,39.5,39.5,..,..
Djibouti,DJI,29.6,31.4,29.4,24.8,23.6,23.3,24.7,23.4,27.5,26.6,26.9,..
Dominica,DMA,14.6,11.1,9.9,8.7,10.7,9.7,7.9,7.6,8.6,8.8,8.9,..
Dominican Republic,DOM,28,19.1,17.3,14.9,15.3,16.9,15.9,14.4,16,14.8,..,..
Ecuador,ECU,24.2,19.4,12.2,13.1,14.8,17,16.3,17.7,20.2,18.9,..,..
"Egypt, Arab Rep.",EGY,9,8.3,5.4,5.3,5.1,4.9,5,6.2,6.7,6.1,..,..
El Salvador,SLV,67.1,33.5,24,21,20.7,25,23.2,19.4,23.7,21.9,..,..
Equatorial Guinea,GNQ,84.7,45.9,4.9,5.5,4.8,5,4.8,7.4,6.5,5.2,4.2,..
Eritrea,ERI,..,76.8,80.5,81.2,81.4,81.6,80.8,80.6,80.9,80.7,..,..
Estonia,EST,3.5,19.8,25.3,28.2,27.2,27.5,28.6,31.3,40.4,38,..,..
Eswatini,SWZ,62.2,60.1,68.3,68.8,64.3,65.3,65.7,64.4,63.7,65.4,64.7,..
Ethiopia,ETH,96.2,95.5,91.4,91.5,90.4,90.8,90,89.3,90.7,90.6,..,..
Faroe Islands,FRO,2.5,2.8,6.5,7.5,6.3,6,5.9,5.4,5.3,5.1,7.9,..
Fiji,FJI,57.1,50.1,33.2,32.7,27.7,28.6,25.8,26.5,31.8,29.7,28.4,..
Finland,FIN,24.5,31.7,41.2,43.2,42.4,44.4,44.2,45.4,47.3,50.2,..,..
France,FRA,10.5,9.3,13.2,13.3,14.2,14.1,15.2,15.5,16.8,16.2,..,..
French Polynesia,PYF,4.3,8.8,7.4,7.8,8.1,8.1,7.7,7.7,8.2,7.4,7,..
Gabon,GAB,78.3,72.8,81.3,81.9,81.5,90.2,90.3,90.2,91.3,91.3,..,..
"Gambia, The",GMB,62,62.9,53.2,49,48.6,48,48.1,47.4,49.8,48.6,47.7,..
Georgia,GEO,12.8,47.2,30.7,27.5,27.2,27.5,27.4,24.7,23.4,25.2,..,..
Germany,DEU,2.1,3.7,14,14.6,14.2,15.2,16,17.1,18.5,17.6,..,..
Ghana,GHA,80.6,71.6,47.7,44,45.2,45.3,42.1,42.6,40,39,..,..
Gibraltar,GIB,0,0,0,0,0,0,0,0,0,0,..,..
Greece,GRC,7.8,7.8,16.4,17.5,16.4,16.4,17.9,18.5,20.1,21.5,..,..
Greenland,GRL,0.5,9.2,12.5,13.1,12.4,11.3,11.4,10.9,11.8,11.6,11.7,..
Grenada,GRD,8.3,10.5,11,10.5,10.4,10.2,10.7,10.4,10.3,10.2,10,..
Guam,GUM,0.5,0.4,0.7,2.3,4.4,3.9,4.5,4.5,4.6,4.5,6.7,..
Guatemala,GTM,75,62.7,66.2,63.3,63.2,65,64,62.8,65.5,62.1,..,..
Guinea,GIN,89.5,85.5,78.6,76.2,75.3,72,73.2,68.3,65.8,66.8,66.6,..
Guinea-Bissau,GNB,88.6,91.2,87.3,87.2,86.8,86.8,86.6,86.2,87.2,87.4,87.4,..
Guyana,GUY,55.1,30.4,24,25,21.3,22.1,16.8,11.3,12,13.2,12.1,..
Haiti,HTI,87.2,80.8,77.8,76.1,76.1,76.2,76.2,76.4,76.3,76.7,..,..
Honduras,HND,70.1,55.2,52.2,50.8,52.7,45.6,48.9,46.2,50.2,45.9,..,..
"Hong Kong SAR, China",HKG,0.2,0,0.2,0.2,0.2,0.2,0.2,0.2,0.3,0.4,..,..
Hungary,HUN,3.9,5.2,15.7,15.6,15.3,14.6,13.6,13.6,14.8,15.3,..,..
Iceland,ISL,54.7,60.7,77.6,78,80.9,80.8,81.4,81.7,82.9,82.4,..,..
India,IND,53,46.9,33.9,33.4,33,32.5,32.9,33.5,36.1,34.9,..,..
Indonesia,IDN,59.2,45.6,29.3,26.6,27.8,25.2,22,19.8,21.9,20.2,..,..
"Iran, Islamic Rep.",IRN,1.2,0.4,0.9,0.9,1,1,1,1,0.9,0.9,..,..
Iraq,IRQ,1.6,0.4,1,0.8,0.9,0.5,0.5,0.9,1.1,1.1,..,..
Ireland,IRL,2.3,2,8.8,9.5,8.6,10.1,10.8,12.3,13.7,12.7,..,..
Isle of Man,IMN,..,..,1.9,2.2,1.9,1.9,2,1.9,2,3.2,2.7,..
Israel,ISR,5.8,6,3.7,3.7,4,3.9,3.8,4.5,5.6,6.2,..,..
Italy,ITA,3.8,5.1,17.1,16.6,16.1,16.4,17.1,17.3,18.7,17.5,..,..
Jamaica,JAM,12.5,9.3,11.9,12.1,11.1,11,8.9,9.2,11.7,10.5,..,..
Japan,JPN,4.3,3.7,5.6,6.2,6.4,6.9,7.3,7.8,8.5,8.8,..,..
Jordan,JOR,2.8,2.1,3.1,3.2,4.7,5.3,7.2,8.5,10.7,11.5,..,..
Kazakhstan,KAZ,1.4,2.5,1.3,1.7,2.1,2,1.9,1.9,1.8,2,..,..
Kenya,KEN,76.5,76.8,71.8,69.2,68.3,68.1,68.7,68.1,69,67.7,..,..
Kiribati,KIR,64,54.7,48,47.5,48.1,42.5,42.3,42.2,42.2,42.2,41.9,..
"Korea, Dem. People's Rep.",PRK,7.2,8.7,18.5,22.6,24,10.2,11.9,10,11.2,14.7,..,..
"Korea, Rep.",KOR,1.6,0.7,2.9,2.7,2.6,2.8,3.2,3.2,3.6,3.6,..,..
Kosovo,XKX,..,..,..,..,..,..,..,..,..,..,..,..
Kuwait,KWT,0.2,0,0,0,0,0,0,0.1,0.1,0.1,..,..
Kyrgyz Republic,KGZ,7.9,35.2,26.6,23.5,22.2,24.7,23.4,28.3,30,27.6,..,..
Lao PDR,LAO,88.4,81.5,58.2,53.3,51.7,50.6,50.2,50.5,50.6,51.5,49.2,..
Latvia,LVA,17.6,35.8,40.2,38.1,38.5,42.6,41,41.5,43.8,44,..,..
Lebanon,LBN,11.3,4.9,4.2,4.2,4,4,4.7,5.1,6.3,6.8,..,..
Lesotho,LSO,52,56.7,43.2,46,45.1,41.5,42.5,41.6,43.2,33.6,34.9,..
Liberia,LBR,89.1,91.3,91.2,91.9,92.8,93.6,94.4,89.7,93,93.2,92.8,..
Libya,LBY,3.1,2,2.3,2.9,2.8,2.9,2.9,3,3.2,3.1,..,..
Liechtenstein,LIE,64.8,54,55,55.5,55.8,55.3,56.8,56.1,55.2,53.6,56.9,..
Lithuania,LTU,3.1,17.2,27.7,29,31.5,33.8,33.7,33.5,31.7,33.2,..,..
Luxembourg,LUX,1.7,6.8,6.8,9.1,13.5,15.3,16,16.4,20.8,20.5,..,..
"Macao SAR, China",MAC,0.8,0.2,11.4,5.4,5.4,3.9,8.4,8.4,11,13.6,11,..
Madagascar,MDG,87.2,82.2,82.2,83.9,83.8,81.9,84.2,82.5,84.7,83.6,83.1,..
Malawi,MWI,84,82.6,82.8,81,78.9,76.9,73.2,70.9,71.5,71.1,62.9,..
Malaysia,MYS,8.3,4.4,3,3.4,4.4,5.2,5.3,5.7,7,7.5,..,..
Maldives,MDV,4.5,2.3,1.2,1.5,1.2,1.3,1.3,1.3,1.6,1.4,1.2,..
Mali,MLI,87.2,83.5,84.6,81.2,77.9,77,77.2,74.9,72.8,71.2,71.1,..
Malta,MLT,0,0,4.5,6,9.2,7.3,7.6,7.4,9.2,8.6,..,..
Marshall Islands,MHL,..,19.6,12.2,11.7,12.1,12,12,12.1,12,12.1,12.2,..
Mauritania,MRT,47,44.4,31,28.3,31.7,25.5,21.6,21.2,20.9,22.1,19.6,..
Mauritius,MUS,47.1,20.4,10.6,11.5,10.3,9.4,9.2,8.9,9.4,8.6,..,..
Mexico,MEX,14.4,12.2,9.8,9.2,9.2,10.1,10.3,10.3,12.3,13,..,..
"Micronesia, Fed. Sts.",FSM,..,1.3,1.5,1.7,1.9,1.7,2,2,2,2.1,2,..
Moldova,MDA,1.1,5.7,24.3,24.7,25.3,26.1,25.3,22,22.3,21.4,..,..
Monaco,MCO,..,..,..,..,..,..,..,..,..,..,..,..
Mongolia,MNG,1.9,5.7,3.3,3.5,3.4,1.8,2.1,2.3,2.9,3,..,..
Montenegro,MNE,..,..,46,43,43.9,37.8,40.6,38.7,39.6,39.6,..,..
Morocco,MAR,22.4,15.5,11.1,11.2,11.1,10.4,10.9,10.7,11.1,10.9,..,..
Mozambique,MOZ,93,93.6,81.2,80.1,77.4,78.2,79,77.5,80.2,76.9,..,..
Myanmar,MMR,90.9,80.2,72,70,68.8,59.5,59.4,58.5,59.2,62.9,..,..
Namibia,NAM,..,34.8,30.2,29.3,29.2,30.2,30.9,30.2,31.2,30,..,..
Nauru,NRU,0,0,0,0.1,0.2,0.6,0.7,0.6,1.3,1.6,1.9,..
Nepal,NPL,95.1,88.3,84,85.2,79.4,76.8,75,78.2,73.1,73.7,..,..
Netherlands,NLD,1.2,1.7,5.6,5.8,5.6,6.4,7.4,8.6,10.7,12.2,..,..
New Caledonia,NCL,10.6,7.5,4.3,5.1,3.7,5.1,4.6,5.2,6.1,8.3,9.6,..
New Zealand,NZL,28,26.4,29,29.3,30.1,28.4,28.9,28,28.7,28.9,..,..
Nicaragua,NIC,68.8,58.4,53,50,49.5,48.9,51.3,50.5,52.2,50.4,..,..
Niger,NER,91.4,87.6,78.1,78.9,80.2,82,82,80.7,81.9,79.6,..,..
Nigeria,NGA,87.8,86,79.9,81.3,81.1,81.6,80.8,80.1,81.8,80.3,..,..
North Macedonia,MKD,2.4,19.4,21.2,23.9,21.4,19,20.9,17,20,19.5,..,..
Northern Mariana Islands,MNP,..,0,0,0,0,0,0,0,0.3,0.5,0.5,..
Norway,NOR,59.2,60.2,55.8,56.5,57.7,58.9,58.9,59.8,60.9,61.4,..,..
Oman,OMN,0,0,0,0,0,0,0,0,0.1,0.1,..,..
Pakistan,PAK,57.5,51,47.2,45.9,43.7,42.1,43.4,45.9,42.7,41.6,..,..
Palau,PLW,..,0,0.3,0.4,0.6,0.6,0.6,0.9,0.9,0.9,0.9,..
Panama,PAN,43,27.7,19.8,22,22.1,23.6,24.5,19,28.5,28,..,..
Papua New Guinea,PNG,71.7,66.4,56.9,55.3,54.8,54.7,53.4,53.2,53.6,54.5,54.6,..
Paraguay,PRY,78.5,70.4,62.5,60.5,62.5,60.1,59.2,60.1,61.5,58.8,..,..
Peru,PER,39.4,38.6,28.6,27.4,27.2,27.6,27.9,27.1,31.6,30.6,..,..
Philippines,PHL,49.5,33.9,32.4,30.8,28.6,27.8,27.6,26.9,29.1,28,..,..
Poland,POL,2.5,6.9,11.6,11.9,11.3,11.1,15.1,15.6,16.1,15.2,..,..
Portugal,PRT,27,20.1,30.5,27.2,29,24.4,27.5,28.2,31.3,32.3,..,..
Puerto Rico,PRI,1.8,0.6,1.6,1.9,1.9,2.3,1.4,2.4,2.5,2.6,2.5,..
Qatar,QAT,0.2,0.1,0,0,0.1,0.1,0,0.1,0,0,..,..
Romania,ROU,3.4,16.4,24.3,23.7,24.4,23.4,23,23.5,24.1,23.6,..,..
Russian Federation,RUS,3.8,3.5,3.3,3.2,3.4,3.2,3.2,3.2,3.7,3.5,..,..
Rwanda,RWA,80.1,86.8,88,86.3,85.5,84.5,82.8,81.8,81.7,79.4,79.9,..
Samoa,WSM,64,59.7,41.4,37.1,36.8,35.8,36.6,34.2,35.6,36,35.9,..
San Marino,SMR,..,..,..,..,..,..,..,..,..,..,..,..
Sao Tome and Principe,STP,50.9,54.7,38.4,39.2,38.1,39.2,40.6,38.6,41.6,40.8,42.5,..
Saudi Arabia,SAU,0,0,0,0,0,0,0,0,0.1,0.1,..,..
Senegal,SEN,55.5,47.5,42.5,39.1,36.7,36.8,34.2,36.2,38.7,35.4,..,..
Serbia,SRB,14.5,22.1,23.2,21.2,20.9,20,21,21.4,26,27.2,..,..
Seychelles,SYC,4.2,1.5,1.4,1.4,1.2,1.2,1.2,1.2,1.3,1.7,1.9,..
Sierra Leone,SLE,92.3,93.3,73,74,73.6,74.6,75.9,75.4,75.1,71.1,71.6,..
Singapore,SGP,0.2,0.3,0.6,0.7,0.7,0.7,0.8,0.9,0.9,1.1,..,..
Sint Maarten (Dutch part),SXM,..,..,0,0,0,0,0,0,0,0,0,..
Slovak Republic,SVK,2.2,3.7,12.2,13.4,13.1,12.4,12.4,17.6,17.6,17.9,..,..
Slovenia,SVN,12.3,18,22.9,21.4,21,19.7,20.6,20.9,22.7,23.4,..,..
Solomon Islands,SLB,60.2,55.3,45.9,48.6,48.7,49,48.6,48.4,49,49.1,50.1,..
Somalia,SOM,86.3,93.3,94.6,94.5,94.8,94.9,94.9,95,95.5,95.4,95.4,..
South Africa,ZAF,16.6,16.2,7.6,7.6,7.8,7.9,8,8.7,9.8,9.7,..,..
South Sudan,SSD,..,..,29.4,27.5,28.7,35.1,31.5,31.4,32.8,32.4,..,..
Spain,ESP,10.6,7.9,17.3,16.3,16.7,15.2,16.9,16.7,19.3,19,..,..
Sri Lanka,LKA,78.1,64.2,54.2,51.3,45.1,45.8,47.9,46.1,49.3,48.8,..,..
St. Kitts and Nevis,KNA,39.9,26.4,1.6,1.6,1.7,1.3,1.3,1.3,1.6,1.6,1.5,..
St. Lucia,LCA,43.1,24,11.7,11.5,11.2,10.2,10.2,10,10,9.7,9.7,..
St. Martin (French part),MAF,..,..,..,..,..,..,..,..,..,..,..,..
St. Vincent and the Grenadines,VCT,15.4,8.5,3.3,4.3,4.1,5.3,4.9,5.4,5.2,5,5.1,..
Sudan,SDN,73.3,80.4,63.7,61.9,58.9,59.4,59.8,59.4,62.6,61,..,..
Suriname,SUR,..,23.6,12.8,11.6,11.1,15.5,18.3,14.9,14.6,14.5,..,..
Sweden,SWE,34.1,39.8,48.6,51.9,50.9,51.8,51.6,52.9,57.8,57.9,..,..
Switzerland,CHE,16.8,18.2,22.2,23.9,24.1,25,24.2,24.8,26.4,27.7,..,..
Syrian Arab Republic,SYR,2.4,2,2.7,0.6,1.3,1.1,0.9,1,1.1,1.1,..,..
Tajikistan,TJK,29.6,62.4,45.9,48.1,43.7,44.2,41.6,40.1,38.8,34.9,..,..
Tanzania,TZA,93.3,93.6,84.7,82.8,81.7,82,81.3,80.4,80.8,78.3,..,..
Thailand,THA,33.5,21.8,24.4,22.6,22.4,22.2,23.7,23.9,20.9,19,..,..
Timor-Leste,TLS,..,..,18.1,18,12.7,13.2,12.7,11.7,11.4,12.1,11.4,..
Togo,TGO,78.7,77.1,81.4,81,80.7,78.4,76.7,78.6,76.2,75.1,..,..
Tonga,TON,1.4,2.5,1.7,1.9,2,2,1.8,1.8,1.9,1.8,2.3,..
Trinidad and Tobago,TTO,1.2,0.8,0.3,0.4,0.4,0.4,0.5,0.4,0.5,0.5,..,..
Tunisia,TUN,14.5,14.2,12.9,12.5,12.4,11.8,11.9,12.2,12.9,11.6,..,..
Turkiye,TUR,24.4,17.3,11.5,13.3,13.2,11.4,11.8,14.1,13.7,12,..,..
Turkmenistan,TKM,0,0.1,0.1,0.1,0.1,0.1,0.1,0.1,0.1,0.1,..,..
Turks and Caicos Islands,TCA,0.8,0.4,0.4,0.4,0.4,0.3,0.4,0.5,0.5,0.8,0.8,..
Tuvalu,TUV,0,0,0.7,3,7.3,7,6.4,6.3,5,5,5.2,..
Uganda,UGA,96.6,95.3,92.4,91.7,91.4,91.3,90.5,90.5,91.6,91,90.9,..
Ukraine,UKR,0.7,1.2,3.5,4.2,5.5,6.5,6.9,7.4,8.7,8.9,..,..
United Arab Emirates,ARE,0,0.1,0.1,0.1,0.1,0.2,0.3,0.7,0.9,1,..,..
United Kingdom,GBR,0.7,1,6.6,7.7,7.7,8.8,10.2,11.4,13.6,12.2,..,..
United States,USA,4.2,5.4,9,8.9,9.3,9.7,9.9,10.2,11,10.9,..,..
Uruguay,URY,44.8,38.7,56.7,59.4,60.3,60.8,60.8,59.3,61.2,57.8,..,..
Uzbekistan,UZB,1.3,0.7,1.4,1.7,1.6,1.7,1.5,1.6,1,1,..,..
Vanuatu,VUT,27.6,49.5,31.5,35.6,33.1,35.7,29.7,31.6,26,24.6,25,..
"Venezuela, RB",VEN,12,15.3,12.1,15.4,14.6,14.3,14.6,15.8,31.2,33.7,..,..
Viet Nam,VNM,75.9,57.7,36.7,27.8,26.8,28.3,24.3,20.4,18.9,24.2,..,..
Virgin Islands (U.S.),VIR,0.5,0.5,4.2,5.6,5.7,5.3,5.8,6.2,5.9,5.9,5.9,..
West Bank and Gaza,PSE,22.1,17.5,10.8,11,12.3,10.5,12.7,13.9,15,15.4,15.4,..
"Yemen, Rep.",YEM,1.8,0.9,0.8,2,2.6,3,2.9,3,3.5,3.7,..,..
Zambia,ZMB,83,90,84.6,84,84,83.5,83.8,86.1,85.4,83,..,..
Zimbabwe,ZWE,64,69.5,80.8,80.8,81.7,82,79.7,81,84.1,82.4,..,..
Africa Eastern and Southern,AFE,60.91000306,65.44952389,61.49957684,62.12833789,62.45768836,61.89113188,62.2426314,63.3870897,66.1234487,..,..,..
Africa Western and Central,AFW,85.92851413,83.27330481,76.13580249,76.68916006,76.2833831,76.4130815,75.96002981,75.32892838,76.10281869,..,..,..
Arab World,ARB,7.438822768,6.672581764,4.35892993,4.223495009,4.287914859,4.375673006,4.52639402,4.732307136,5.138584984,..,..,..
Caribbean small states,CSS,28.05478437,18.55075355,12.92728122,12.56154478,12.17200608,13.46303922,12.62244531,10.2083831,10.78074134,..,..,..
Central Europe and the Baltics,CEB,4.134185354,9.941113637,17.08006189,17.14503437,16.87223034,16.46702112,18.13720292,18.87826813,19.68565324,..,..,..
Early-demographic dividend,EAR,34.78670548,30.41346183,23.47979691,23.25868609,23.29507141,22.93189327,22.97999933,23.36134341,25.03970062,..,..,..
East Asia & Pacific,EAS,26.43298975,22.48927038,13.19145902,12.95032159,13.32258671,13.6095556,13.82909634,14.25982777,14.73570845,..,..,..
East Asia & Pacific (excluding high income),EAP,36.78652859,31.67928356,14.86092346,14.50145001,14.93578272,15.19463322,15.32482801,15.72454603,16.10325503,..,..,..
East Asia & Pacific (IDA & IBRD countries),TEA,37.8188396,32.07400058,14.83677303,14.47450047,14.90727949,15.21418336,15.33637535,15.75063675,16.12216101,..,..,..
Euro area,EMU,6.656202888,7.698116222,16.33146868,16.32676021,16.37386543,16.58950006,17.5597414,18.13408198,19.85587851,..,..,..
Europe & Central Asia,ECS,5.699277443,7.613372542,12.43755586,12.87934559,12.89364648,12.90525223,13.48124359,14.01967766,15.14380258,..,..,..
Europe & Central Asia (excluding high income),ECA,4.612972648,7.636444268,7.764513219,8.904456104,9.055605957,8.681536903,9.118609236,10.03604867,10.08280792,..,..,..
Europe & Central Asia (IDA & IBRD countries),TEC,4.045884048,5.781220359,6.527837966,6.915378205,7.023889103,6.783363266,7.248937468,7.604880144,8.046841366,..,..,..
European Union,EUU,6.908162684,8.981768466,17.45023557,17.60138644,17.54302907,17.69485459,18.73041174,19.34628352,21.12110631,..,..,..
Fragile and conflict affected situations,FCS,36.25193925,49.59540937,53.90014649,57.9569142,58.29627792,58.41494951,57.68505879,58.53997522,61.33265043,..,..,..
Heavily indebted poor countries (HIPC),HPC,85.82563362,85.40567833,77.32991846,76.69111726,76.35289136,75.85482786,75.48689033,74.94487557,75.90825879,..,..,..
High income,HIC,5.939589683,6.922747979,10.55989047,10.60312741,10.793516,11.13370055,11.50418102,11.84667423,12.82272565,..,..,..
IBRD only,IBD,21.94516361,23.45908993,16.00450696,16.00166866,16.29077758,16.42453569,16.63989933,17.06917373,17.90726271,..,..,..
IDA & IBRD total,IBT,26.77334776,29.22012934,21.55772061,21.62945003,21.86790404,21.88967554,22.00470125,22.46859915,23.44763283,..,..,..
IDA blend,IDB,58.93701417,58.94631029,61.83859237,62.3735091,61.14297713,60.3514227,60.67866836,61.34713597,61.81351194,..,..,..
IDA only,IDX,75.39361778,77.12576364,69.65623998,69.10933666,68.42104246,67.04712049,65.97872512,66.0828977,67.30687003,..,..,..
IDA total,IDA,67.0138023,67.77643351,65.82032192,65.81569595,64.84284701,63.75672624,63.40269545,63.79781744,64.66047163,..,..,..
Late-demographic dividend,LTE,19.51423403,21.63967406,13.81344428,13.76725944,14.10739177,14.41002877,14.75534048,15.22962317,15.76804009,..,..,..
Latin America & Caribbean,LCN,32.57525363,28.4784888,27.71295288,28.22394531,28.90822344,29.40199837,30.25279721,30.65901425,33.9329423,..,..,..
Latin America & Caribbean (excluding high income),LAC,34.71432291,29.83358012,29.21132775,29.41627945,30.13481414,30.65665687,31.49232162,31.78005593,34.92910872,..,..,..
Latin America & the Caribbean (IDA & IBRD countries),TLA,32.37031812,28.55598873,27.91500834,28.4665301,29.17197603,29.6360965,30.49573642,30.9074463,34.23765706,..,..,..
Least developed countries: UN classification,LDC,85.84005089,83.82281671,72.80916233,72.58678678,71.97734966,70.72371801,69.76898148,69.65443915,70.93490842,..,..,..
Low & middle income,LMY,34.66840673,34.11250891,23.41289185,23.44385018,23.72987272,23.76764,23.84689613,24.33508589,25.26248957,..,..,..
Low income,LIC,59.09266127,69.09365592,74.10848941,76.89984529,76.81489941,73.48960361,73.03505722,72.57217721,74.21297402,..,..,..
Lower middle income,LMC,55.43823614,51.53054482,42.53240139,41.6452036,40.81863668,40.10200914,39.89277514,40.25270626,42.04187376,..,..,..
Middle East & North Africa,MEA,2.916499408,2.196361763,1.559839682,1.527430205,1.594509121,1.587153837,1.663919052,1.823345049,1.995650378,..,..,..
Middle East & North Africa (excluding high income),MNA,4.124300645,3.007843026,2.504537362,2.516849214,2.584371498,2.498080954,2.548985108,2.759722902,2.927494719,..,..,..
Middle East & North Africa (IDA & IBRD countries),TMN,4.058899327,2.959287947,2.463984079,2.474712578,2.534551022,2.458725735,2.502343338,2.704809252,2.863707225,..,..,..
Middle income,MIC,33.44695262,32.4491084,21.61980498,21.59428249,21.86676142,21.9573462,22.06394839,22.54733782,23.3864365,..,..,..
North America,NAC,6.176548898,7.211362219,10.64276367,10.45552255,10.81338081,11.35193528,11.46307413,11.78375194,12.59905123,..,..,..
Not classified,INX,..,..,..,..,..,..,..,..,..,..,..,..
OECD members,OED,7.201284714,7.854778481,12.19934981,12.29298109,12.47517887,12.86276708,13.26571828,13.77842841,14.90352388,..,..,..
Other small states,OSS,21.728,29.34566753,31.55878664,32.3242982,32.21762749,31.5667679,31.9564812,31.71325161,34.0445543,..,..,..
Pacific island small states,PSS,52.83891026,43.21328084,31.18904206,31.39122685,28.84543689,28.96253394,27.36933921,27.38421166,29.65345411,..,..,..
Post-demographic dividend,PST,6.323066785,7.210685147,11.74737611,11.87281896,12.10555748,12.55931792,12.93022619,13.3737358,14.5020754,..,..,..
Pre-demographic dividend,PRE,78.26164964,78.47804556,73.1563017,73.95254538,73.56029804,73.32814396,72.67910764,72.04068891,73.86341778,..,..,..
Small states,SST,24.19014361,28.22538437,29.0972317,29.66650473,29.26186589,28.9203745,29.20974406,28.58367047,30.80157561,..,..,..
South Asia,SAS,55.74331877,49.41986885,36.8125657,36.05926145,35.34042954,34.63871597,34.74720449,35.49965402,37.81063196,..,..,..
South Asia (IDA & IBRD),TSA,55.74331877,49.41986885,36.8125657,36.05926145,35.34042954,34.63871597,34.74720449,35.49965402,37.81063196,..,..,..
Sub-Saharan Africa,SSF,70.77757531,72.75106094,67.9518598,68.50525919,68.53218762,68.21520288,68.24605049,68.66841381,70.57317869,..,..,..
Sub-Saharan Africa (excluding high income),SSA,70.7869993,72.76589907,67.96676892,68.52094152,68.55024787,68.23276582,68.26476333,68.68584768,70.5914309,..,..,..
Sub-Saharan Africa (IDA & IBRD countries),TSS,70.77757531,72.75106094,67.9518598,68.50525919,68.53218762,68.21520288,68.24605049,68.66841381,70.57317869,..,..,..
Upper middle income,UMC,25.88767199,24.78767235,14.41327397,14.56846757,14.94980388,15.17363984,15.37795888,15.91784758,16.55015792,..,..,..
World,WLD,16.66232979,17.59000309,17.38010859,17.4241285,17.67675038,17.91919181,18.1622255,18.63654208,19.77134448,..,..,..
,,,,,,,,,,,,,
,,,,,,,,,,,,,
,,,,,,,,,,,,,
,,,,,,,,,,,,,
,,,,,,,,,,,,,
Indicator Name,Long definition,Source,Topic,Periodicity,Aggregation method,License URL,,,,,,,
Renewable energy consumption (% of total final energy consumption),Renewable energy consumption is the share of renewables energy in total final energy consumption.,"IEA, IRENA, UNSD, World Bank, WHO. 2023. Tracking SDG 7: The Energy Progress Report. World Bank, Washington DC. © World Bank. License: Creative Commons Attribution—NonCommercial 3.0 IGO (CC BY-NC 3.0 IGO).",Environment: Energy production & use,Annual,Weighted average,https://datacatalog.worldbank.org/public-licenses#cc-by,,,,,,,
